Number,agent_one_Pearson,agent_one_Spearman,agent_two_Pearson,agent_two_Spearman
1,0.5501822208599078,0.5678897173419954,0.5777298022454276,0.6148827210283424
2,0.4722522031477654,0.5109913256237223,0.40567626052462813,0.4247107887084218
